name,decimal,hex,evidence,status
InstructMoves,0,0x00,cpp2il/DiffableCs/Assembly-CSharp/BLECommand.cs,enum confirmed; payload not implied
MoveNorth,1,0x01,cpp2il/DiffableCs/Assembly-CSharp/BLECommand.cs,enum confirmed; payload not implied
MoveNE,2,0x02,cpp2il/DiffableCs/Assembly-CSharp/BLECommand.cs,enum confirmed; payload not implied
MoveEast,3,0x03,cpp2il/DiffableCs/Assembly-CSharp/BLECommand.cs,enum confirmed; payload not implied
MoveSE,4,0x04,cpp2il/DiffableCs/Assembly-CSharp/BLECommand.cs,enum confirmed; payload not implied
MoveSouth,5,0x05,cpp2il/DiffableCs/Assembly-CSharp/BLECommand.cs,enum confirmed; payload not implied
MoveSW,6,0x06,cpp2il/DiffableCs/Assembly-CSharp/BLECommand.cs,enum confirmed; payload not implied
MoveWest,7,0x07,cpp2il/DiffableCs/Assembly-CSharp/BLECommand.cs,enum confirmed; payload not implied
MoveNW,8,0x08,cpp2il/DiffableCs/Assembly-CSharp/BLECommand.cs,enum confirmed; payload not implied
RegularMoves,9,0x09,cpp2il/DiffableCs/Assembly-CSharp/BLECommand.cs,enum confirmed; payload not implied
Transform,10,0x0A,cpp2il/DiffableCs/Assembly-CSharp/BLECommand.cs,enum confirmed; payload not implied
HandShake,11,0x0B,cpp2il/DiffableCs/Assembly-CSharp/BLECommand.cs,enum confirmed; payload not implied
StopMove,12,0x0C,cpp2il/DiffableCs/Assembly-CSharp/BLECommand.cs,enum confirmed; payload not implied
VoiceControl,13,0x0D,cpp2il/DiffableCs/Assembly-CSharp/BLECommand.cs,enum confirmed; payload not implied
NoneUsed,14,0x0E,cpp2il/DiffableCs/Assembly-CSharp/BLECommand.cs,enum confirmed; payload not implied
States,15,0x0F,cpp2il/DiffableCs/Assembly-CSharp/BLECommand.cs,enum confirmed; payload not implied
GetUserActionName,16,0x10,cpp2il/DiffableCs/Assembly-CSharp/BLECommand.cs,enum confirmed; payload not implied
GyrosOfforOn,17,0x11,cpp2il/DiffableCs/Assembly-CSharp/BLECommand.cs,enum confirmed; payload not implied
RobotAutoOff,19,0x13,cpp2il/DiffableCs/Assembly-CSharp/BLECommand.cs,enum confirmed; payload not implied
GetOffActionName,20,0x14,cpp2il/DiffableCs/Assembly-CSharp/BLECommand.cs,enum confirmed; payload not implied
OfficialMoves,21,0x15,cpp2il/DiffableCs/Assembly-CSharp/BLECommand.cs,enum confirmed; payload not implied
GetFolderActionNames,22,0x16,cpp2il/DiffableCs/Assembly-CSharp/BLECommand.cs,enum confirmed; payload not implied
FolderActionNameMovesOrActionProgress,23,0x17,cpp2il/DiffableCs/Assembly-CSharp/BLECommand.cs,enum confirmed; payload not implied
GetFolderAudioNames,24,0x18,cpp2il/DiffableCs/Assembly-CSharp/BLECommand.cs,enum confirmed; payload not implied
PlayAudioInFolder,25,0x19,cpp2il/DiffableCs/Assembly-CSharp/BLECommand.cs,enum confirmed; payload not implied
SetAutoTurn,26,0x1A,cpp2il/DiffableCs/Assembly-CSharp/BLECommand.cs,enum confirmed; payload not implied
SetAutoPose,27,0x1B,cpp2il/DiffableCs/Assembly-CSharp/BLECommand.cs,enum confirmed; payload not implied
前进,51,0x33,cpp2il/DiffableCs/Assembly-CSharp/BLECommand.cs,enum confirmed; payload not implied
后退,52,0x34,cpp2il/DiffableCs/Assembly-CSharp/BLECommand.cs,enum confirmed; payload not implied
开火,54,0x36,cpp2il/DiffableCs/Assembly-CSharp/BLECommand.cs,enum confirmed; payload not implied
左转,55,0x37,cpp2il/DiffableCs/Assembly-CSharp/BLECommand.cs,enum confirmed; payload not implied
右转,56,0x38,cpp2il/DiffableCs/Assembly-CSharp/BLECommand.cs,enum confirmed; payload not implied
左移,57,0x39,cpp2il/DiffableCs/Assembly-CSharp/BLECommand.cs,enum confirmed; payload not implied
右移,58,0x3A,cpp2il/DiffableCs/Assembly-CSharp/BLECommand.cs,enum confirmed; payload not implied
人前进,59,0x3B,cpp2il/DiffableCs/Assembly-CSharp/BLECommand.cs,enum confirmed; payload not implied
车前进,60,0x3C,cpp2il/DiffableCs/Assembly-CSharp/BLECommand.cs,enum confirmed; payload not implied
SetRobotLit,110,0x6E,cpp2il/DiffableCs/Assembly-CSharp/BLECommand.cs,enum confirmed; payload not implied
CreatNewRobotActionFileAndDone,220,0xDC,cpp2il/DiffableCs/Assembly-CSharp/BLECommand.cs,enum confirmed; payload not implied
DeleteActionByFilePath,221,0xDD,cpp2il/DiffableCs/Assembly-CSharp/BLECommand.cs,enum confirmed; payload not implied
WriteDataToNewFileAndWriteSuccess,227,0xE3,cpp2il/DiffableCs/Assembly-CSharp/BLECommand.cs,enum confirmed; payload not implied
WriteDataToNewFileDone,222,0xDE,cpp2il/DiffableCs/Assembly-CSharp/BLECommand.cs,enum confirmed; payload not implied
InEditor,230,0xE6,cpp2il/DiffableCs/Assembly-CSharp/BLECommand.cs,enum confirmed; payload not implied
ExitEditor,231,0xE7,cpp2il/DiffableCs/Assembly-CSharp/BLECommand.cs,enum confirmed; payload not implied
MoveJoint,232,0xE8,cpp2il/DiffableCs/Assembly-CSharp/BLECommand.cs,enum confirmed; payload not implied
RobotUpJoint,233,0xE9,cpp2il/DiffableCs/Assembly-CSharp/BLECommand.cs,enum confirmed; payload not implied
UnLockAllJoint,234,0xEA,cpp2il/DiffableCs/Assembly-CSharp/BLECommand.cs,enum confirmed; payload not implied
LockAllJoint,235,0xEB,cpp2il/DiffableCs/Assembly-CSharp/BLECommand.cs,enum confirmed; payload not implied
OneJointLockControl,236,0xEC,cpp2il/DiffableCs/Assembly-CSharp/BLECommand.cs,enum confirmed; payload not implied
JointLockControl,237,0xED,cpp2il/DiffableCs/Assembly-CSharp/BLECommand.cs,enum confirmed; payload not implied
PlayAudioControl,238,0xEE,cpp2il/DiffableCs/Assembly-CSharp/BLECommand.cs,enum confirmed; payload not implied
GetRobotSN,241,0xF1,cpp2il/DiffableCs/Assembly-CSharp/BLECommand.cs,enum confirmed; payload not implied
RobotNormalPos,244,0xF4,cpp2il/DiffableCs/Assembly-CSharp/BLECommand.cs,enum confirmed; payload not implied
RobotOnUSBMode,245,0xF5,cpp2il/DiffableCs/Assembly-CSharp/BLECommand.cs,enum confirmed; payload not implied
GetRobotKindName,246,0xF6,cpp2il/DiffableCs/Assembly-CSharp/BLECommand.cs,enum confirmed; payload not implied
GetRobotVersion,247,0xF7,cpp2il/DiffableCs/Assembly-CSharp/BLECommand.cs,enum confirmed; payload not implied
GetRobotVersionDate,248,0xF8,cpp2il/DiffableCs/Assembly-CSharp/BLECommand.cs,enum confirmed; payload not implied
GetFileNameDoneorRobotShutDown,250,0xFA,cpp2il/DiffableCs/Assembly-CSharp/BLECommand.cs,enum confirmed; payload not implied
NonType,255,0xFF,cpp2il/DiffableCs/Assembly-CSharp/BLECommand.cs,enum confirmed; payload not implied
FailureCommand,-1,-1,cpp2il/DiffableCs/Assembly-CSharp/BLECommand.cs,enum confirmed; payload not implied
